keyword,wave,intent,geo,volume_tier,primary_page,notes
study abroad nigeria,nigerian-wave,informational,NG,high,/for-students,Top funnel — Nigerian students exploring options
study in uk from nigeria,nigerian-wave,transactional,NG,high,/countries/united-kingdom,Country-specific purchase intent
study in canada from nigeria,nigerian-wave,transactional,NG,high,/countries/canada,
study in usa from nigeria,nigerian-wave,transactional,NG,high,/countries/united-states,
study in germany from nigeria,nigerian-wave,transactional,NG,medium,/countries/germany,
study in australia from nigeria,nigerian-wave,transactional,NG,medium,/countries/australia,
study abroad agency kano,nigerian-wave,navigational,NG-KN,low,/,Local SEO — Kano market
study abroad consultancy nigeria,nigerian-wave,commercial,NG,high,/services,
university admission nigeria,nigerian-wave,commercial,NG,medium,/services/application-support,
uk student visa nigeria,nigerian-wave,transactional,NG,high,/services/visa-preparation,
canada student visa nigeria,nigerian-wave,transactional,NG,high,/services/visa-preparation,
student visa application nigeria,nigerian-wave,transactional,NG,high,/services/visa-preparation,
ielts preparation nigeria,nigerian-wave,commercial,NG,medium,/exams/ielts,
toefl preparation nigeria,nigerian-wave,commercial,NG,medium,/exams/toefl,
scholarship for nigerian students,nigerian-wave,commercial,NG,high,/scholarships,
fully funded scholarship nigeria,nigerian-wave,informational,NG,high,/scholarships,
chevening scholarship nigeria,nigerian-wave,informational,NG,medium,/scholarships,
commonwealth scholarship nigeria,nigerian-wave,informational,NG,medium,/scholarships,
student accommodation uk nigeria,nigerian-wave,commercial,NG,low,/accommodation,
student loan study abroad nigeria,nigerian-wave,commercial,NG,low,/loans,
study abroad africa,pan-african,informational,AF,medium,/for-students,Pan-African top funnel
study abroad kenya,pan-african,informational,KE,medium,/for-students,
study abroad ghana,pan-african,informational,GH,medium,/for-students,
study abroad south africa,pan-african,informational,ZA,medium,/for-students,
uk university admission 2025,pan-african,transactional,AF,high,/countries/united-kingdom,
canada university admission 2025,pan-african,transactional,AF,high,/countries/canada,
african students uk universities,pan-african,informational,AF,medium,/countries/united-kingdom,
study in europe africa,pan-african,informational,AF,medium,/countries,
study in germany africa,pan-african,transactional,AF,medium,/countries/germany,
masters degree uk africa,pan-african,commercial,AF,medium,/universities,
study abroad nigeria uk diaspora,diaspora,navigational,UK-NG,medium,/for-students,Diaspora wave — Nigerians in UK helping family
nigerian student uk university,diaspora,informational,GB,medium,/countries/united-kingdom,
nigerians studying in canada,diaspora,informational,CA,medium,/countries/canada,
study abroad advice nigeria,diaspora,commercial,GB,low,/services,Diaspora seeking agent for family back home
numaway review,navigational,navigational,all,low,/about/why-numaway,Brand defence
numaway study abroad,navigational,navigational,all,low,/,
numaway kano,navigational,navigational,NG-KN,low,/contact,
best study abroad consultant nigeria,commercial,commercial,NG,medium,/about/why-numaway,
uk student visa requirements nigeria 2025,informational,informational,NG,high,/services/visa-preparation,
how to apply for uk university nigeria,informational,informational,NG,high,/services/application-support,
how to get scholarship to study abroad,informational,informational,NG,high,/scholarships,
ielts band requirements uk university,informational,informational,NG,medium,/exams/ielts,
what is toefl exam,informational,informational,NG,medium,/exams/toefl,
gre exam preparation,informational,informational,NG,medium,/exams/gre,
gmat exam guide,informational,informational,NG,medium,/exams/gmat,
sat exam nigeria,informational,informational,NG,medium,/exams/sat,
pre departure checklist study abroad,informational,informational,NG,low,/services/pre-departure,
post arrival support international students,informational,informational,NG,low,/services/post-arrival,
ai study abroad advisor,informational,informational,all,low,/sage,Forward-looking keyword for Sage
ai education consultant,informational,informational,all,low,/sage,
